<?xml version="1.0" encoding="UTF-8"?>
<project-private xmlns="http://www.netbeans.org/ns/project-private/1">
    <editor-bookmarks xmlns="http://www.netbeans.org/ns/editor-bookmarks/2" lastBookmarkId="0"/>
    <open-files xmlns="http://www.netbeans.org/ns/projectui-open-files/2">
        <group>
            <file>file:/C:/Users/Eugene%20Tan/Desktop/MazeSimulator%20-%20150917/MazeSimulator%20-%20150917/src/robot/RobotMap.java</file>
            <file>file:/C:/Users/Eugene%20Tan/Desktop/MazeSimulator%20-%20150917/MazeSimulator%20-%20150917/src/mazesimulator/MazeSimulator.java</file>
            <file>file:/C:/Users/Eugene%20Tan/Desktop/MazeSimulator%20-%20150917/MazeSimulator%20-%20150917/src/robot/Robot.java</file>
            <file>file:/C:/Users/Eugene%20Tan/Desktop/MazeSimulator%20-%20150917/MazeSimulator%20-%20150917/src/map/Grid.java</file>
            <file>file:/C:/Users/Eugene%20Tan/Desktop/MazeSimulator%20-%20150917/MazeSimulator%20-%20150917/src/map/Map.java</file>
        </group>
    </open-files>
</project-private>
