<?xml version="1.0" encoding="UTF-8"?>
<project-private xmlns="http://www.netbeans.org/ns/project-private/1">
    <editor-bookmarks xmlns="http://www.netbeans.org/ns/editor-bookmarks/2" lastBookmarkId="0"/>
    <open-files xmlns="http://www.netbeans.org/ns/projectui-open-files/2">
        <group>
            <file>file:/C:/Users/Eugene%20Tan/Desktop/MazeSimulator%20-%20270917%20(new)-20170927T063233Z-001/MazeSimulator%20-%20270917%20(new)/src/robot/Robot.java</file>
            <file>file:/C:/Users/Eugene%20Tan/Desktop/MazeSimulator%20-%20270917%20(new)-20170927T063233Z-001/MazeSimulator%20-%20270917%20(new)/src/mazesimulator/MazeSimulator.java</file>
        </group>
    </open-files>
</project-private>
