<?xml version="1.0" encoding="UTF-8"?>
<project-private xmlns="http://www.netbeans.org/ns/project-private/1">
    <editor-bookmarks xmlns="http://www.netbeans.org/ns/editor-bookmarks/2" lastBookmarkId="0"/>
    <open-files xmlns="http://www.netbeans.org/ns/projectui-open-files/2">
        <group>
            <file>file:/D:/wamp64/www/maze/MazeSimulator%20-%20280917/src/mazesimulator/MazeSimulator.java</file>
            <file>file:/D:/wamp64/www/maze/MazeSimulator%20-%20280917/src/robot/RobotMap.java</file>
            <file>file:/D:/wamp64/www/maze/MazeSimulator%20-%20280917/src/robot/Robot.java</file>
            <file>file:/D:/wamp64/www/maze/MazeSimulator%20-%20280917/src/robot/RobotConstant.java</file>
        </group>
    </open-files>
</project-private>
