<?xml version="1.0" encoding="UTF-8"?>
<project-private xmlns="http://www.netbeans.org/ns/project-private/1">
    <editor-bookmarks xmlns="http://www.netbeans.org/ns/editor-bookmarks/2" lastBookmarkId="0"/>
    <open-files xmlns="http://www.netbeans.org/ns/projectui-open-files/2">
        <group>
            <file>file:/C:/Users/Eugene/Desktop/Download/MazeSimulator%20-%20220917-20170923T163737Z-001/MazeSimulator%20-%20220917/src/robot/Robot.java</file>
            <file>file:/C:/Users/Eugene/Desktop/Download/MazeSimulator%20-%20220917-20170923T163737Z-001/MazeSimulator%20-%20220917/src/robot/RobotMap.java</file>
            <file>file:/C:/Users/Eugene/Desktop/Download/MazeSimulator%20-%20220917-20170923T163737Z-001/MazeSimulator%20-%20220917/src/map/Map.java</file>
            <file>file:/C:/Users/Eugene/Desktop/Download/MazeSimulator%20-%20220917-20170923T163737Z-001/MazeSimulator%20-%20220917/src/mazesimulator/MazeSimulator.java</file>
            <file>file:/C:/Users/Eugene/Desktop/Download/MazeSimulator%20-%20220917-20170923T163737Z-001/MazeSimulator%20-%20220917/src/map/MapUI.java</file>
            <file>file:/C:/Users/Eugene/Desktop/Download/MazeSimulator%20-%20220917-20170923T163737Z-001/MazeSimulator%20-%20220917/src/robot/RobotConstant.java</file>
        </group>
    </open-files>
</project-private>
